-- Adminer 4.8.1 PostgreSQL 12.15 (Debian 12.15-1.pgdg110+1) dump

DROP TABLE IF EXISTS "account_emailaddress";
CREATE TABLE "public"."account_emailaddress" (
    "id" integer DEFAULT GENERATED BY DEFAULT AS IDENTITY NOT NULL,
    "email" character varying(254) NOT NULL,
    "verified" boolean NOT NULL,
    "primary" boolean NOT NULL,
    "user_id" integer NOT NULL,
    CONSTRAINT "account_emailaddress_email_key" UNIQUE ("email"),
    CONSTRAINT "account_emailaddress_pkey" PRIMARY KEY ("id")
) WITH (oids = false);

CREATE INDEX "account_emailaddress_email_03be32b2_like" ON "public"."account_emailaddress" USING btree ("email");

CREATE INDEX "account_emailaddress_user_id_2c513194" ON "public"."account_emailaddress" USING btree ("user_id");


DROP TABLE IF EXISTS "account_emailconfirmation";
CREATE TABLE "public"."account_emailconfirmation" (
    "id" integer DEFAULT GENERATED BY DEFAULT AS IDENTITY NOT NULL,
    "created" timestamptz NOT NULL,
    "sent" timestamptz,
    "key" character varying(64) NOT NULL,
    "email_address_id" integer NOT NULL,
    CONSTRAINT "account_emailconfirmation_key_key" UNIQUE ("key"),
    CONSTRAINT "account_emailconfirmation_pkey" PRIMARY KEY ("id")
) WITH (oids = false);

CREATE INDEX "account_emailconfirmation_email_address_id_5b7f8c58" ON "public"."account_emailconfirmation" USING btree ("email_address_id");

CREATE INDEX "account_emailconfirmation_key_f43612bd_like" ON "public"."account_emailconfirmation" USING btree ("key");


DROP TABLE IF EXISTS "auth_group";
CREATE TABLE "public"."auth_group" (
    "id" integer DEFAULT GENERATED BY DEFAULT AS IDENTITY NOT NULL,
    "name" character varying(150) NOT NULL,
    CONSTRAINT "auth_group_name_key" UNIQUE ("name"),
    CONSTRAINT "auth_group_pkey" PRIMARY KEY ("id")
) WITH (oids = false);

CREATE INDEX "auth_group_name_a6ea08ec_like" ON "public"."auth_group" USING btree ("name");


DROP TABLE IF EXISTS "auth_group_permissions";
CREATE TABLE "public"."auth_group_permissions" (
    "id" bigint DEFAULT GENERATED BY DEFAULT AS IDENTITY NOT NULL,
    "group_id" integer NOT NULL,
    "permission_id" integer NOT NULL,
    CONSTRAINT "auth_group_permissions_group_id_permission_id_0cd325b0_uniq" UNIQUE ("group_id", "permission_id"),
    CONSTRAINT "auth_group_permissions_pkey" PRIMARY KEY ("id")
) WITH (oids = false);

CREATE INDEX "auth_group_permissions_group_id_b120cbf9" ON "public"."auth_group_permissions" USING btree ("group_id");

CREATE INDEX "auth_group_permissions_permission_id_84c5c92e" ON "public"."auth_group_permissions" USING btree ("permission_id");


DROP TABLE IF EXISTS "auth_permission";
CREATE TABLE "public"."auth_permission" (
    "id" integer DEFAULT GENERATED BY DEFAULT AS IDENTITY NOT NULL,
    "name" character varying(255) NOT NULL,
    "content_type_id" integer NOT NULL,
    "codename" character varying(100) NOT NULL,
    CONSTRAINT "auth_permission_content_type_id_codename_01ab375a_uniq" UNIQUE ("content_type_id", "codename"),
    CONSTRAINT "auth_permission_pkey" PRIMARY KEY ("id")
) WITH (oids = false);

CREATE INDEX "auth_permission_content_type_id_2f476e4b" ON "public"."auth_permission" USING btree ("content_type_id");

INSERT INTO "auth_permission" ("id", "name", "content_type_id", "codename") VALUES
(1,	'Can add log entry',	1,	'add_logentry'),
(2,	'Can change log entry',	1,	'change_logentry'),
(3,	'Can delete log entry',	1,	'delete_logentry'),
(4,	'Can view log entry',	1,	'view_logentry'),
(5,	'Can add permission',	2,	'add_permission'),
(6,	'Can change permission',	2,	'change_permission'),
(7,	'Can delete permission',	2,	'delete_permission'),
(8,	'Can view permission',	2,	'view_permission'),
(9,	'Can add group',	3,	'add_group'),
(10,	'Can change group',	3,	'change_group'),
(11,	'Can delete group',	3,	'delete_group'),
(12,	'Can view group',	3,	'view_group'),
(13,	'Can add user',	4,	'add_user'),
(14,	'Can change user',	4,	'change_user'),
(15,	'Can delete user',	4,	'delete_user'),
(16,	'Can view user',	4,	'view_user'),
(17,	'Can add content type',	5,	'add_contenttype'),
(18,	'Can change content type',	5,	'change_contenttype'),
(19,	'Can delete content type',	5,	'delete_contenttype'),
(20,	'Can view content type',	5,	'view_contenttype'),
(21,	'Can add session',	6,	'add_session'),
(22,	'Can change session',	6,	'change_session'),
(23,	'Can delete session',	6,	'delete_session'),
(24,	'Can view session',	6,	'view_session'),
(25,	'Can add site',	7,	'add_site'),
(26,	'Can change site',	7,	'change_site'),
(27,	'Can delete site',	7,	'delete_site'),
(28,	'Can view site',	7,	'view_site'),
(29,	'Can add email address',	8,	'add_emailaddress'),
(30,	'Can change email address',	8,	'change_emailaddress'),
(31,	'Can delete email address',	8,	'delete_emailaddress'),
(32,	'Can view email address',	8,	'view_emailaddress'),
(33,	'Can add email confirmation',	9,	'add_emailconfirmation'),
(34,	'Can change email confirmation',	9,	'change_emailconfirmation'),
(35,	'Can delete email confirmation',	9,	'delete_emailconfirmation'),
(36,	'Can view email confirmation',	9,	'view_emailconfirmation'),
(37,	'Can add social account',	10,	'add_socialaccount'),
(38,	'Can change social account',	10,	'change_socialaccount'),
(39,	'Can delete social account',	10,	'delete_socialaccount'),
(40,	'Can view social account',	10,	'view_socialaccount'),
(41,	'Can add social application',	11,	'add_socialapp'),
(42,	'Can change social application',	11,	'change_socialapp'),
(43,	'Can delete social application',	11,	'delete_socialapp'),
(44,	'Can view social application',	11,	'view_socialapp'),
(45,	'Can add social application token',	12,	'add_socialtoken'),
(46,	'Can change social application token',	12,	'change_socialtoken'),
(47,	'Can delete social application token',	12,	'delete_socialtoken'),
(48,	'Can view social application token',	12,	'view_socialtoken'),
(49,	'Can add produk item',	13,	'add_produkitem'),
(50,	'Can change produk item',	13,	'change_produkitem'),
(51,	'Can delete produk item',	13,	'delete_produkitem'),
(52,	'Can view produk item',	13,	'view_produkitem'),
(53,	'Can add order produk item',	14,	'add_orderprodukitem'),
(54,	'Can change order produk item',	14,	'change_orderprodukitem'),
(55,	'Can delete order produk item',	14,	'delete_orderprodukitem'),
(56,	'Can view order produk item',	14,	'view_orderprodukitem'),
(57,	'Can add order',	15,	'add_order'),
(58,	'Can change order',	15,	'change_order'),
(59,	'Can delete order',	15,	'delete_order'),
(60,	'Can view order',	15,	'view_order'),
(61,	'Can add alamat pengiriman',	16,	'add_alamatpengiriman'),
(62,	'Can change alamat pengiriman',	16,	'change_alamatpengiriman'),
(63,	'Can delete alamat pengiriman',	16,	'delete_alamatpengiriman'),
(64,	'Can view alamat pengiriman',	16,	'view_alamatpengiriman'),
(65,	'Can add payment',	17,	'add_payment'),
(66,	'Can change payment',	17,	'change_payment'),
(67,	'Can delete payment',	17,	'delete_payment'),
(68,	'Can view payment',	17,	'view_payment'),
(69,	'Can add PayPal IPN',	18,	'add_paypalipn'),
(70,	'Can change PayPal IPN',	18,	'change_paypalipn'),
(71,	'Can delete PayPal IPN',	18,	'delete_paypalipn'),
(72,	'Can view PayPal IPN',	18,	'view_paypalipn');

DROP TABLE IF EXISTS "auth_user";
CREATE TABLE "public"."auth_user" (
    "id" integer DEFAULT GENERATED BY DEFAULT AS IDENTITY NOT NULL,
    "password" character varying(128) NOT NULL,
    "last_login" timestamptz,
    "is_superuser" boolean NOT NULL,
    "username" character varying(150) NOT NULL,
    "first_name" character varying(150) NOT NULL,
    "last_name" character varying(150) NOT NULL,
    "email" character varying(254) NOT NULL,
    "is_staff" boolean NOT NULL,
    "is_active" boolean NOT NULL,
    "date_joined" timestamptz NOT NULL,
    CONSTRAINT "auth_user_pkey" PRIMARY KEY ("id"),
    CONSTRAINT "auth_user_username_key" UNIQUE ("username")
) WITH (oids = false);

CREATE INDEX "auth_user_username_6821ab7c_like" ON "public"."auth_user" USING btree ("username");

INSERT INTO "auth_user" ("id", "password", "last_login", "is_superuser", "username", "first_name", "last_name", "email", "is_staff", "is_active", "date_joined") VALUES
(2,	'pbkdf2_sha256$600000$5jpBhu3xAlLruwlCdGbMC7$kWMsSb5eLGIjVzqbRh1nLVTc14qTGEXHRLbVY+tOyzY=',	'2023-06-02 15:29:46.154293+00',	'f',	'ecomm',	'',	'',	'',	'f',	't',	'2023-06-02 15:29:45.709839+00'),
(1,	'pbkdf2_sha256$600000$kNZqDyt2VPKYvbWBZkFZXC$FDdgdvIvbkYpQfFOTUAYW3C+axlKlWgtzHqnAQe3GU8=',	'2023-06-07 07:08:00.982501+00',	't',	'alif',	'',	'',	'alif@gmail.com',	't',	't',	'2023-06-02 15:24:58.640574+00');

DROP TABLE IF EXISTS "auth_user_groups";
CREATE TABLE "public"."auth_user_groups" (
    "id" bigint DEFAULT GENERATED BY DEFAULT AS IDENTITY NOT NULL,
    "user_id" integer NOT NULL,
    "group_id" integer NOT NULL,
    CONSTRAINT "auth_user_groups_pkey" PRIMARY KEY ("id"),
    CONSTRAINT "auth_user_groups_user_id_group_id_94350c0c_uniq" UNIQUE ("user_id", "group_id")
) WITH (oids = false);

CREATE INDEX "auth_user_groups_group_id_97559544" ON "public"."auth_user_groups" USING btree ("group_id");

CREATE INDEX "auth_user_groups_user_id_6a12ed8b" ON "public"."auth_user_groups" USING btree ("user_id");


DROP TABLE IF EXISTS "auth_user_user_permissions";
CREATE TABLE "public"."auth_user_user_permissions" (
    "id" bigint DEFAULT GENERATED BY DEFAULT AS IDENTITY NOT NULL,
    "user_id" integer NOT NULL,
    "permission_id" integer NOT NULL,
    CONSTRAINT "auth_user_user_permissions_pkey" PRIMARY KEY ("id"),
    CONSTRAINT "auth_user_user_permissions_user_id_permission_id_14a6b632_uniq" UNIQUE ("user_id", "permission_id")
) WITH (oids = false);

CREATE INDEX "auth_user_user_permissions_permission_id_1fbb5f2c" ON "public"."auth_user_user_permissions" USING btree ("permission_id");

CREATE INDEX "auth_user_user_permissions_user_id_a95ead1b" ON "public"."auth_user_user_permissions" USING btree ("user_id");


DROP TABLE IF EXISTS "django_admin_log";
CREATE TABLE "public"."django_admin_log" (
    "id" integer DEFAULT GENERATED BY DEFAULT AS IDENTITY NOT NULL,
    "action_time" timestamptz NOT NULL,
    "object_id" text,
    "object_repr" character varying(200) NOT NULL,
    "action_flag" smallint NOT NULL,
    "change_message" text NOT NULL,
    "content_type_id" integer,
    "user_id" integer NOT NULL,
    CONSTRAINT "django_admin_log_pkey" PRIMARY KEY ("id")
) WITH (oids = false);

CREATE INDEX "django_admin_log_content_type_id_c4bce8eb" ON "public"."django_admin_log" USING btree ("content_type_id");

CREATE INDEX "django_admin_log_user_id_c564eba6" ON "public"."django_admin_log" USING btree ("user_id");

INSERT INTO "django_admin_log" ("id", "action_time", "object_id", "object_repr", "action_flag", "change_message", "content_type_id", "user_id") VALUES
(1,	'2023-06-02 15:26:45.941382+00',	'1',	'Kemeja Denim - $12.0',	1,	'[{"added": {}}]',	13,	1),
(2,	'2023-06-03 04:15:20.614637+00',	'2',	'Sepatu Olahraga Nike - $14.0',	1,	'[{"added": {}}]',	13,	1),
(3,	'2023-06-05 03:46:24.64628+00',	'2',	'Sepatu Olahraga Nike - $14.0',	2,	'[{"changed": {"fields": ["Informasi produk"]}}]',	13,	1),
(4,	'2023-06-05 03:48:35.348732+00',	'2',	'Sepatu Olahraga Nike - $14.0',	2,	'[{"changed": {"fields": ["Informasi produk"]}}]',	13,	1),
(5,	'2023-06-05 04:24:13.020187+00',	'2',	'Sepatu Olahraga Nike - $14.0',	2,	'[{"changed": {"fields": ["Gambar satu"]}}]',	13,	1),
(6,	'2023-06-05 04:27:19.931669+00',	'1',	'Kemeja Denim - $12.0',	2,	'[{"changed": {"fields": ["Informasi produk"]}}]',	13,	1),
(7,	'2023-06-05 04:27:44.989244+00',	'1',	'Kemeja Denim - $12.0',	2,	'[{"changed": {"fields": ["Gambar satu"]}}]',	13,	1),
(8,	'2023-06-05 04:29:13.788936+00',	'1',	'Kemeja Denim - $12.0',	2,	'[{"changed": {"fields": ["Gambar"]}}]',	13,	1),
(9,	'2023-06-07 01:22:59.601865+00',	'2',	'Sepatu Olahraga Nike - $14.0',	2,	'[{"changed": {"fields": ["Ukuran"]}}]',	13,	1),
(10,	'2023-06-07 01:50:05.411747+00',	'1',	'Kemeja Denim - $12.0',	2,	'[{"changed": {"fields": ["Ukuran"]}}]',	13,	1),
(11,	'2023-06-07 06:17:16.595531+00',	'3',	'Kemeja Linen - Parisian Linen Short Sleeve Bowling Shirt - $9.0',	1,	'[{"added": {}}]',	13,	1),
(12,	'2023-06-07 06:20:46.790313+00',	'4',	'kemeja pria lengan Pendek Hijau Mint slim fit Bahan Premium - $12.0',	1,	'[{"added": {}}]',	13,	1),
(13,	'2023-06-07 06:24:45.414629+00',	'5',	'Platini Kemeja Pria Polos Lengan Pendek Katun Oxford Coklat Tua 1069 - $15.0',	1,	'[{"added": {}}]',	13,	1),
(14,	'2023-06-07 06:28:14.961743+00',	'6',	'Sepatu Olahraga Casual - $14.0',	1,	'[{"added": {}}]',	13,	1),
(15,	'2023-06-07 07:09:35.734453+00',	'7',	'Sepatu Sneakers Running Pria Dane and Dine S0601 - $13.0',	1,	'[{"added": {}}]',	13,	1),
(16,	'2023-06-07 07:11:10.482705+00',	'8',	'Kanky Hiro Nobunaga - Sepatu Sneakers Casual Sport - $12.0',	1,	'[{"added": {}}]',	13,	1),
(17,	'2023-06-07 07:12:51.55862+00',	'9',	'Kaos Hitam Premium - $8.0',	1,	'[{"added": {}}]',	13,	1);

DROP TABLE IF EXISTS "django_content_type";
CREATE TABLE "public"."django_content_type" (
    "id" integer DEFAULT GENERATED BY DEFAULT AS IDENTITY NOT NULL,
    "app_label" character varying(100) NOT NULL,
    "model" character varying(100) NOT NULL,
    CONSTRAINT "django_content_type_app_label_model_76bd3d3b_uniq" UNIQUE ("app_label", "model"),
    CONSTRAINT "django_content_type_pkey" PRIMARY KEY ("id")
) WITH (oids = false);

INSERT INTO "django_content_type" ("id", "app_label", "model") VALUES
(1,	'admin',	'logentry'),
(2,	'auth',	'permission'),
(3,	'auth',	'group'),
(4,	'auth',	'user'),
(5,	'contenttypes',	'contenttype'),
(6,	'sessions',	'session'),
(7,	'sites',	'site'),
(8,	'account',	'emailaddress'),
(9,	'account',	'emailconfirmation'),
(10,	'socialaccount',	'socialaccount'),
(11,	'socialaccount',	'socialapp'),
(12,	'socialaccount',	'socialtoken'),
(13,	'toko',	'produkitem'),
(14,	'toko',	'orderprodukitem'),
(15,	'toko',	'order'),
(16,	'toko',	'alamatpengiriman'),
(17,	'toko',	'payment'),
(18,	'ipn',	'paypalipn');

DROP TABLE IF EXISTS "django_migrations";
CREATE TABLE "public"."django_migrations" (
    "id" bigint DEFAULT GENERATED BY DEFAULT AS IDENTITY NOT NULL,
    "app" character varying(255) NOT NULL,
    "name" character varying(255) NOT NULL,
    "applied" timestamptz NOT NULL,
    CONSTRAINT "django_migrations_pkey" PRIMARY KEY ("id")
) WITH (oids = false);

INSERT INTO "django_migrations" ("id", "app", "name", "applied") VALUES
(1,	'contenttypes',	'0001_initial',	'2023-06-02 15:16:36.188413+00'),
(2,	'auth',	'0001_initial',	'2023-06-02 15:16:36.29271+00'),
(3,	'account',	'0001_initial',	'2023-06-02 15:16:36.351399+00'),
(4,	'account',	'0002_email_max_length',	'2023-06-02 15:16:36.369387+00'),
(5,	'admin',	'0001_initial',	'2023-06-02 15:16:36.403846+00'),
(6,	'admin',	'0002_logentry_remove_auto_add',	'2023-06-02 15:16:36.4187+00'),
(7,	'admin',	'0003_logentry_add_action_flag_choices',	'2023-06-02 15:16:36.43505+00'),
(8,	'contenttypes',	'0002_remove_content_type_name',	'2023-06-02 15:16:36.461197+00'),
(9,	'auth',	'0002_alter_permission_name_max_length',	'2023-06-02 15:16:36.476117+00'),
(10,	'auth',	'0003_alter_user_email_max_length',	'2023-06-02 15:16:36.493909+00'),
(11,	'auth',	'0004_alter_user_username_opts',	'2023-06-02 15:16:36.508518+00'),
(12,	'auth',	'0005_alter_user_last_login_null',	'2023-06-02 15:16:36.522742+00'),
(13,	'auth',	'0006_require_contenttypes_0002',	'2023-06-02 15:16:36.527981+00'),
(14,	'auth',	'0007_alter_validators_add_error_messages',	'2023-06-02 15:16:36.548245+00'),
(15,	'auth',	'0008_alter_user_username_max_length',	'2023-06-02 15:16:36.57767+00'),
(16,	'auth',	'0009_alter_user_last_name_max_length',	'2023-06-02 15:16:36.595065+00'),
(17,	'auth',	'0010_alter_group_name_max_length',	'2023-06-02 15:16:36.611006+00'),
(18,	'auth',	'0011_update_proxy_permissions',	'2023-06-02 15:16:36.625683+00'),
(19,	'auth',	'0012_alter_user_first_name_max_length',	'2023-06-02 15:16:36.643431+00'),
(20,	'ipn',	'0001_initial',	'2023-06-02 15:16:36.682886+00'),
(21,	'ipn',	'0002_paypalipn_mp_id',	'2023-06-02 15:16:36.694629+00'),
(22,	'ipn',	'0003_auto_20141117_1647',	'2023-06-02 15:16:36.716392+00'),
(23,	'ipn',	'0004_auto_20150612_1826',	'2023-06-02 15:16:36.961004+00'),
(24,	'ipn',	'0005_auto_20151217_0948',	'2023-06-02 15:16:36.985673+00'),
(25,	'ipn',	'0006_auto_20160108_1112',	'2023-06-02 15:16:37.007524+00'),
(26,	'ipn',	'0007_auto_20160219_1135',	'2023-06-02 15:16:37.025702+00'),
(27,	'ipn',	'0008_auto_20181128_1032',	'2023-06-02 15:16:37.04545+00'),
(28,	'sessions',	'0001_initial',	'2023-06-02 15:16:37.066928+00'),
(29,	'sites',	'0001_initial',	'2023-06-02 15:16:37.081049+00'),
(30,	'sites',	'0002_alter_domain_unique',	'2023-06-02 15:16:37.09339+00'),
(31,	'socialaccount',	'0001_initial',	'2023-06-02 15:16:37.216037+00'),
(32,	'socialaccount',	'0002_token_max_lengths',	'2023-06-02 15:16:37.260849+00'),
(33,	'socialaccount',	'0003_extra_data_default_dict',	'2023-06-02 15:16:37.282702+00'),
(34,	'toko',	'0001_initial',	'2023-06-02 15:16:37.305024+00'),
(35,	'toko',	'0002_alter_produkitem_label',	'2023-06-02 15:16:37.313377+00'),
(36,	'toko',	'0003_orderprodukitem_order',	'2023-06-02 15:16:37.400059+00'),
(37,	'toko',	'0004_rename_produkitem_order_produkitems',	'2023-06-02 15:16:37.420144+00'),
(38,	'toko',	'0005_rename_produkitem_orderprodukitem_produk_item',	'2023-06-02 15:16:37.457619+00'),
(39,	'toko',	'0006_rename_produkitems_order_produk_items',	'2023-06-02 15:16:37.478615+00'),
(40,	'toko',	'0007_alamatpengiriman_order_alamat_pengiriman',	'2023-06-02 15:16:37.53731+00'),
(41,	'toko',	'0008_alter_alamatpengiriman_options_payment_order_payment',	'2023-06-02 15:16:37.609928+00'),
(42,	'ipn',	'0009_alter_paypalipn_id',	'2023-06-02 15:20:16.392691+00'),
(43,	'toko',	'0009_produkitem_merk_produkitem_min_pesan_and_more',	'2023-06-02 15:20:16.414781+00'),
(44,	'toko',	'0010_produkitem_informasi_produk_alter_produkitem_merk',	'2023-06-05 03:45:43.319613+00'),
(45,	'toko',	'0011_alter_produkitem_informasi_produk',	'2023-06-05 03:46:56.103453+00'),
(46,	'toko',	'0012_produkitem_gambar_dua_produkitem_gambar_satu',	'2023-06-05 04:21:47.452472+00'),
(47,	'toko',	'0013_alter_produkitem_gambar_dua_and_more',	'2023-06-05 04:23:28.382013+00'),
(48,	'toko',	'0014_produkitem_warna',	'2023-06-07 01:10:55.420637+00'),
(49,	'toko',	'0015_rename_warna_produkitem_ukuran',	'2023-06-07 01:22:23.939575+00');

DROP TABLE IF EXISTS "django_session";
CREATE TABLE "public"."django_session" (
    "session_key" character varying(40) NOT NULL,
    "session_data" text NOT NULL,
    "expire_date" timestamptz NOT NULL,
    CONSTRAINT "django_session_pkey" PRIMARY KEY ("session_key")
) WITH (oids = false);

CREATE INDEX "django_session_expire_date_a5c62663" ON "public"."django_session" USING btree ("expire_date");

CREATE INDEX "django_session_session_key_c0390e0f_like" ON "public"."django_session" USING btree ("session_key");

INSERT INTO "django_session" ("session_key", "session_data", "expire_date") VALUES
('dc3rzy9nrfsebtm5wb0c77y0acr9ttso',	'.eJxljM0KgzAQBt8lZxHz73prXyRskxVD0wia9FL67lWRQunxm9mdF0Pv55qLe9ISx0jB0QNjYkOuKTVfW1da2MAEa5jDWqYDuBj-2Q39nfIuMKUdt2ejPW5OvbaXbVEu0WOJc76eXz-pCddp63RcexBK90ZJrQWXUnKwyDuwSiseTA8WgKAznQBhTVBcKkXQazFuE9j7A4srSs0:1q56io:VR0dJEK64k_6N915svNK8DWe1AuWgrlsIlAGIH7uZzA',	'2023-06-16 15:29:46.15738+00'),
('jprgztjosdlqhvk9j5cmfoui790hp091',	'.eJxVjMsOwiAUBf-FtSFAebRduvcbyAVuBTXQlDbRGP_dknShyzNnMm9iYVuj3SouNgUyEk5Ov8yBv2NuR7hBvhbqS16X5GhT6PFWeikBH-fD_QtEqLFlOxycAaO9AO6Y6s0QJHLTS6U0F0z3AXS3by34FAzTptsRSiW5m7yCFq1YayrZ4nNOy4uM7PMFSAE9-Q:1q6jww:YEyOqEPyToYAOPV_kN-zpx2_NUfGtzxeH7GFo_9qnRA',	'2023-06-21 03:35:06.272145+00'),
('xbw0s60zabgm0wpkxxclie9q772sm5dl',	'.eJxVjMsOwiAUBf-FtSFAebRduvcbyAVuBTXQlDbRGP_dknShyzNnMm9iYVuj3SouNgUyEk5Ov8yBv2NuR7hBvhbqS16X5GhT6PFWeikBH-fD_QtEqLFlOxycAaO9AO6Y6s0QJHLTS6U0F0z3AXS3by34FAzTptsRSiW5m7yCFq1YayrZ4nNOy4uM7PMFSAE9-Q:1q6mwm:pYDpoG4xsGiMGV5wCovKmkpDSkbZntkZhsu72Zf9SOg',	'2023-06-21 06:47:08.599099+00'),
('sxiybsi0wez5imhjwrgluwz5od4mui3y',	'.eJxVjMEOwiAQBf-FsyFAgaUevfcbyMJSqRpISnsy_rsl6UGPb2by3szjvmW_t7T6hdiVSXb5ZQHjM5Uu6IHlXnmsZVuXwHvCT9v4VCm9bmf7d5Cx5X47pDEAgo0KZRDGwUg6SXDaGCuVsI7QDse2Ss4EwsJwoKSNlmGOBtnnC7b7Nrw:1q6nGy:eFy2n8pgnbebcIiveBA2kuoe80p1VZScobtvJY_suGg',	'2023-06-21 07:08:00.986128+00');

DROP TABLE IF EXISTS "django_site";
CREATE TABLE "public"."django_site" (
    "id" integer DEFAULT GENERATED BY DEFAULT AS IDENTITY NOT NULL,
    "domain" character varying(100) NOT NULL,
    "name" character varying(50) NOT NULL,
    CONSTRAINT "django_site_domain_a2e37b91_uniq" UNIQUE ("domain"),
    CONSTRAINT "django_site_pkey" PRIMARY KEY ("id")
) WITH (oids = false);

CREATE INDEX "django_site_domain_a2e37b91_like" ON "public"."django_site" USING btree ("domain");

INSERT INTO "django_site" ("id", "domain", "name") VALUES
(1,	'example.com',	'example.com');

DROP TABLE IF EXISTS "paypal_ipn";
CREATE TABLE "public"."paypal_ipn" (
    "id" bigint DEFAULT GENERATED BY DEFAULT AS IDENTITY NOT NULL,
    "business" character varying(127) NOT NULL,
    "charset" character varying(255) NOT NULL,
    "custom" character varying(256) NOT NULL,
    "notify_version" numeric(64,2),
    "parent_txn_id" character varying(19) NOT NULL,
    "receiver_email" character varying(254) NOT NULL,
    "receiver_id" character varying(255) NOT NULL,
    "residence_country" character varying(2) NOT NULL,
    "test_ipn" boolean NOT NULL,
    "txn_id" character varying(255) NOT NULL,
    "txn_type" character varying(255) NOT NULL,
    "verify_sign" character varying(255) NOT NULL,
    "address_country" character varying(64) NOT NULL,
    "address_city" character varying(40) NOT NULL,
    "address_country_code" character varying(64) NOT NULL,
    "address_name" character varying(128) NOT NULL,
    "address_state" character varying(40) NOT NULL,
    "address_status" character varying(255) NOT NULL,
    "address_street" character varying(200) NOT NULL,
    "address_zip" character varying(20) NOT NULL,
    "contact_phone" character varying(20) NOT NULL,
    "first_name" character varying(64) NOT NULL,
    "last_name" character varying(64) NOT NULL,
    "payer_business_name" character varying(127) NOT NULL,
    "payer_email" character varying(127) NOT NULL,
    "payer_id" character varying(13) NOT NULL,
    "auth_amount" numeric(64,2),
    "auth_exp" character varying(28) NOT NULL,
    "auth_id" character varying(19) NOT NULL,
    "auth_status" character varying(255) NOT NULL,
    "exchange_rate" numeric(64,16),
    "invoice" character varying(127) NOT NULL,
    "item_name" character varying(127) NOT NULL,
    "item_number" character varying(127) NOT NULL,
    "mc_currency" character varying(32) NOT NULL,
    "mc_fee" numeric(64,2),
    "mc_gross" numeric(64,2),
    "mc_handling" numeric(64,2),
    "mc_shipping" numeric(64,2),
    "memo" character varying(255) NOT NULL,
    "num_cart_items" integer,
    "option_name1" character varying(64) NOT NULL,
    "option_name2" character varying(64) NOT NULL,
    "payer_status" character varying(255) NOT NULL,
    "payment_date" timestamptz,
    "payment_gross" numeric(64,2),
    "payment_status" character varying(255) NOT NULL,
    "payment_type" character varying(255) NOT NULL,
    "pending_reason" character varying(255) NOT NULL,
    "protection_eligibility" character varying(255) NOT NULL,
    "quantity" integer,
    "reason_code" character varying(255) NOT NULL,
    "remaining_settle" numeric(64,2),
    "settle_amount" numeric(64,2),
    "settle_currency" character varying(32) NOT NULL,
    "shipping" numeric(64,2),
    "shipping_method" character varying(255) NOT NULL,
    "tax" numeric(64,2),
    "transaction_entity" character varying(255) NOT NULL,
    "auction_buyer_id" character varying(64) NOT NULL,
    "auction_closing_date" timestamptz,
    "auction_multi_item" integer,
    "for_auction" numeric(64,2),
    "amount" numeric(64,2),
    "amount_per_cycle" numeric(64,2),
    "initial_payment_amount" numeric(64,2),
    "next_payment_date" timestamptz,
    "outstanding_balance" numeric(64,2),
    "payment_cycle" character varying(255) NOT NULL,
    "period_type" character varying(255) NOT NULL,
    "product_name" character varying(255) NOT NULL,
    "product_type" character varying(255) NOT NULL,
    "profile_status" character varying(255) NOT NULL,
    "recurring_payment_id" character varying(255) NOT NULL,
    "rp_invoice_id" character varying(127) NOT NULL,
    "time_created" timestamptz,
    "amount1" numeric(64,2),
    "amount2" numeric(64,2),
    "amount3" numeric(64,2),
    "mc_amount1" numeric(64,2),
    "mc_amount2" numeric(64,2),
    "mc_amount3" numeric(64,2),
    "password" character varying(24) NOT NULL,
    "period1" character varying(255) NOT NULL,
    "period2" character varying(255) NOT NULL,
    "period3" character varying(255) NOT NULL,
    "reattempt" character varying(1) NOT NULL,
    "recur_times" integer,
    "recurring" character varying(1) NOT NULL,
    "retry_at" timestamptz,
    "subscr_date" timestamptz,
    "subscr_effective" timestamptz,
    "subscr_id" character varying(19) NOT NULL,
    "username" character varying(64) NOT NULL,
    "case_creation_date" timestamptz,
    "case_id" character varying(255) NOT NULL,
    "case_type" character varying(255) NOT NULL,
    "receipt_id" character varying(255) NOT NULL,
    "currency_code" character varying(32) NOT NULL,
    "handling_amount" numeric(64,2),
    "transaction_subject" character varying(256) NOT NULL,
    "ipaddress" inet,
    "flag" boolean NOT NULL,
    "flag_code" character varying(16) NOT NULL,
    "flag_info" text NOT NULL,
    "query" text NOT NULL,
    "response" text NOT NULL,
    "created_at" timestamptz NOT NULL,
    "updated_at" timestamptz NOT NULL,
    "from_view" character varying(6),
    "mp_id" character varying(128),
    "option_selection1" character varying(200) NOT NULL,
    "option_selection2" character varying(200) NOT NULL,
    CONSTRAINT "paypal_ipn_pkey" PRIMARY KEY ("id")
) WITH (oids = false);

CREATE INDEX "paypal_ipn_txn_id_8fa22c44" ON "public"."paypal_ipn" USING btree ("txn_id");

CREATE INDEX "paypal_ipn_txn_id_8fa22c44_like" ON "public"."paypal_ipn" USING btree ("txn_id");


DROP TABLE IF EXISTS "socialaccount_socialaccount";
CREATE TABLE "public"."socialaccount_socialaccount" (
    "id" integer DEFAULT GENERATED BY DEFAULT AS IDENTITY NOT NULL,
    "provider" character varying(30) NOT NULL,
    "uid" character varying(191) NOT NULL,
    "last_login" timestamptz NOT NULL,
    "date_joined" timestamptz NOT NULL,
    "extra_data" text NOT NULL,
    "user_id" integer NOT NULL,
    CONSTRAINT "socialaccount_socialaccount_pkey" PRIMARY KEY ("id"),
    CONSTRAINT "socialaccount_socialaccount_provider_uid_fc810c6e_uniq" UNIQUE ("provider", "uid")
) WITH (oids = false);

CREATE INDEX "socialaccount_socialaccount_user_id_8146e70c" ON "public"."socialaccount_socialaccount" USING btree ("user_id");


DROP TABLE IF EXISTS "socialaccount_socialapp";
CREATE TABLE "public"."socialaccount_socialapp" (
    "id" integer DEFAULT GENERATED BY DEFAULT AS IDENTITY NOT NULL,
    "provider" character varying(30) NOT NULL,
    "name" character varying(40) NOT NULL,
    "client_id" character varying(191) NOT NULL,
    "secret" character varying(191) NOT NULL,
    "key" character varying(191) NOT NULL,
    CONSTRAINT "socialaccount_socialapp_pkey" PRIMARY KEY ("id")
) WITH (oids = false);


DROP TABLE IF EXISTS "socialaccount_socialapp_sites";
CREATE TABLE "public"."socialaccount_socialapp_sites" (
    "id" bigint DEFAULT GENERATED BY DEFAULT AS IDENTITY NOT NULL,
    "socialapp_id" integer NOT NULL,
    "site_id" integer NOT NULL,
    CONSTRAINT "socialaccount_socialapp__socialapp_id_site_id_71a9a768_uniq" UNIQUE ("socialapp_id", "site_id"),
    CONSTRAINT "socialaccount_socialapp_sites_pkey" PRIMARY KEY ("id")
) WITH (oids = false);

CREATE INDEX "socialaccount_socialapp_sites_site_id_2579dee5" ON "public"."socialaccount_socialapp_sites" USING btree ("site_id");

CREATE INDEX "socialaccount_socialapp_sites_socialapp_id_97fb6e7d" ON "public"."socialaccount_socialapp_sites" USING btree ("socialapp_id");


DROP TABLE IF EXISTS "socialaccount_socialtoken";
CREATE TABLE "public"."socialaccount_socialtoken" (
    "id" integer DEFAULT GENERATED BY DEFAULT AS IDENTITY NOT NULL,
    "token" text NOT NULL,
    "token_secret" text NOT NULL,
    "expires_at" timestamptz,
    "account_id" integer NOT NULL,
    "app_id" integer NOT NULL,
    CONSTRAINT "socialaccount_socialtoken_app_id_account_id_fca4e0ac_uniq" UNIQUE ("app_id", "account_id"),
    CONSTRAINT "socialaccount_socialtoken_pkey" PRIMARY KEY ("id")
) WITH (oids = false);

CREATE INDEX "socialaccount_socialtoken_account_id_951f210e" ON "public"."socialaccount_socialtoken" USING btree ("account_id");

CREATE INDEX "socialaccount_socialtoken_app_id_636a42d7" ON "public"."socialaccount_socialtoken" USING btree ("app_id");


DROP TABLE IF EXISTS "toko_alamatpengiriman";
CREATE TABLE "public"."toko_alamatpengiriman" (
    "id" bigint DEFAULT GENERATED BY DEFAULT AS IDENTITY NOT NULL,
    "alamat_1" character varying(100) NOT NULL,
    "alamat_2" character varying(100) NOT NULL,
    "negara" character varying(100) NOT NULL,
    "kode_pos" character varying(20) NOT NULL,
    "user_id" integer NOT NULL,
    CONSTRAINT "toko_alamatpengiriman_pkey" PRIMARY KEY ("id")
) WITH (oids = false);

CREATE INDEX "toko_alamatpengiriman_user_id_0fa64d3c" ON "public"."toko_alamatpengiriman" USING btree ("user_id");

INSERT INTO "toko_alamatpengiriman" ("id", "alamat_1", "alamat_2", "negara", "kode_pos", "user_id") VALUES
(1,	'Jl. gunapati timur RT 01 RW 03',	'belakang mushola ismailiyah',	'ID',	'53272',	1),
(2,	'Jl. gunapati timur RT 01 RW 03',	'belakang mushola ismailiyah',	'AU',	'532341',	1),
(3,	'Jl. gunapati timur RT 01 RW 03',	'belakang mushola ismailiyah',	'ID',	'52373',	1),
(4,	'Jl. gunapati timur RT 01 RW 03',	'belakang mushola ismailiyah',	'IN',	'53262',	1);

DROP TABLE IF EXISTS "toko_order";
CREATE TABLE "public"."toko_order" (
    "id" bigint DEFAULT GENERATED BY DEFAULT AS IDENTITY NOT NULL,
    "tanggal_mulai" timestamptz NOT NULL,
    "tanggal_order" timestamptz,
    "ordered" boolean NOT NULL,
    "user_id" integer NOT NULL,
    "alamat_pengiriman_id" bigint,
    "payment_id" bigint,
    CONSTRAINT "toko_order_pkey" PRIMARY KEY ("id")
) WITH (oids = false);

CREATE INDEX "toko_order_alamat_pengiriman_id_e1d86a9d" ON "public"."toko_order" USING btree ("alamat_pengiriman_id");

CREATE INDEX "toko_order_payment_id_eacf097a" ON "public"."toko_order" USING btree ("payment_id");

CREATE INDEX "toko_order_user_id_db16d267" ON "public"."toko_order" USING btree ("user_id");

INSERT INTO "toko_order" ("id", "tanggal_mulai", "tanggal_order", "ordered", "user_id", "alamat_pengiriman_id", "payment_id") VALUES
(1,	'2023-06-02 15:30:06.98419+00',	'2023-06-02 15:30:06.983784+00',	'f',	2,	NULL,	NULL),
(2,	'2023-06-04 06:23:34.051148+00',	'2023-06-04 06:23:34.050698+00',	'f',	1,	4,	NULL);

DROP TABLE IF EXISTS "toko_order_produk_items";
CREATE TABLE "public"."toko_order_produk_items" (
    "id" bigint DEFAULT GENERATED BY DEFAULT AS IDENTITY NOT NULL,
    "order_id" bigint NOT NULL,
    "orderprodukitem_id" bigint NOT NULL,
    CONSTRAINT "toko_order_produkItem_order_id_orderprodukitem_id_17143c35_uniq" UNIQUE ("order_id", "orderprodukitem_id"),
    CONSTRAINT "toko_order_produkItem_pkey" PRIMARY KEY ("id")
) WITH (oids = false);

CREATE INDEX "toko_order_produkItem_order_id_d1be9943" ON "public"."toko_order_produk_items" USING btree ("order_id");

CREATE INDEX "toko_order_produkItem_orderprodukitem_id_5a80ee48" ON "public"."toko_order_produk_items" USING btree ("orderprodukitem_id");

INSERT INTO "toko_order_produk_items" ("id", "order_id", "orderprodukitem_id") VALUES
(2,	1,	2),
(4,	2,	4);

DROP TABLE IF EXISTS "toko_orderprodukitem";
CREATE TABLE "public"."toko_orderprodukitem" (
    "id" bigint DEFAULT GENERATED BY DEFAULT AS IDENTITY NOT NULL,
    "ordered" boolean NOT NULL,
    "quantity" integer NOT NULL,
    "produk_item_id" bigint NOT NULL,
    "user_id" integer NOT NULL,
    CONSTRAINT "toko_orderprodukitem_pkey" PRIMARY KEY ("id")
) WITH (oids = false);

CREATE INDEX "toko_orderprodukitem_produkItem_id_6a04ce63" ON "public"."toko_orderprodukitem" USING btree ("produk_item_id");

CREATE INDEX "toko_orderprodukitem_user_id_0be4cb4f" ON "public"."toko_orderprodukitem" USING btree ("user_id");

INSERT INTO "toko_orderprodukitem" ("id", "ordered", "quantity", "produk_item_id", "user_id") VALUES
(4,	'f',	5,	1,	1),
(2,	'f',	2,	1,	2);

DROP TABLE IF EXISTS "toko_payment";
CREATE TABLE "public"."toko_payment" (
    "id" bigint DEFAULT GENERATED BY DEFAULT AS IDENTITY NOT NULL,
    "amount" double precision NOT NULL,
    "timestamp" timestamptz NOT NULL,
    "payment_option" character varying(1) NOT NULL,
    "charge_id" character varying(50) NOT NULL,
    "user_id" integer,
    CONSTRAINT "toko_payment_pkey" PRIMARY KEY ("id")
) WITH (oids = false);

CREATE INDEX "toko_payment_user_id_df0a8a52" ON "public"."toko_payment" USING btree ("user_id");


DROP TABLE IF EXISTS "toko_produkitem";
CREATE TABLE "public"."toko_produkitem" (
    "id" bigint DEFAULT GENERATED BY DEFAULT AS IDENTITY NOT NULL,
    "nama_produk" character varying(100) NOT NULL,
    "harga" double precision NOT NULL,
    "harga_diskon" double precision,
    "slug" character varying(50) NOT NULL,
    "deskripsi" text NOT NULL,
    "gambar" character varying(100) NOT NULL,
    "label" character varying(4) NOT NULL,
    "kategori" character varying(2) NOT NULL,
    "merk" character varying,
    "min_pesan" integer NOT NULL,
    "informasi_produk" text NOT NULL,
    "gambar_dua" character varying(100),
    "gambar_satu" character varying(100),
    "ukuran" character varying,
    CONSTRAINT "toko_produkitem_pkey" PRIMARY KEY ("id"),
    CONSTRAINT "toko_produkitem_slug_key" UNIQUE ("slug")
) WITH (oids = false);

CREATE INDEX "toko_produkitem_slug_a06431e0_like" ON "public"."toko_produkitem" USING btree ("slug");

INSERT INTO "toko_produkitem" ("id", "nama_produk", "harga", "harga_diskon", "slug", "deskripsi", "gambar", "label", "kategori", "merk", "min_pesan", "informasi_produk", "gambar_dua", "gambar_satu", "ukuran") VALUES
(2,	'Sepatu Olahraga Nike',	14,	10,	'NEW',	'sepatu kulit',	'product_pics/12211384101.jpeg',	'NEW',	'AK',	'Nike',	1,	'Sepatu Pria Nike Air Force 1 ''07 Low Triple White Premium Import
- 100% IMPORT Quality | Made In Vietnam MONEY BACK GUARANTEE
- 100% Barang Baru BNIB
- 100% Real picture & Video',	'default_image.jpeg',	'product_pics/pexels-antoni-shkraba-4348404.jpg',	'36,37,38'),
(1,	'Kemeja Denim',	12,	8,	'New',	'ini kemeja denim lengan panjang',	'product_pics/baju-denim-biru_uwVDiWq.jpg',	'NEW',	'AT',	'Erigo',	1,	'Barang yang ada di etalase ready,
Kemeja Basic Polos Kerah Regular UNISEX cocok untuk tampil casual namun tetap trendy , bahan sangat halus , TIDAK TERAWANG dan tidak gerah di pakai.',	'default_image.jpeg',	'product_pics/t-shirt_I3BoOLR.jpg',	'S,M,L'),
(3,	'Kemeja Linen - Parisian Linen Short Sleeve Bowling Shirt',	9,	NULL,	'kew-kemeja',	'Kemeja dengan bahan linen berkualitas tinggi menjamin penampilan yang elegan dan pas untuk setiap acara santai. Tampil dengan gaya relaxed bersama koleksi kemeja linen Day to Day, yang merupakan tambahan sempurna untuk outfit smart-casual kamu.',	'product_pics/kaos-abu_hhpQLFM.jpg',	'NEW',	'AT',	'Dark Olive',	1,	'Size Chart
Dada x Panjang x Bahu x Lengan (cm)
S : 54 x 69 x 49 x 23
M : 56 x 71 x 50 x 24
L : 58 x 73 x 51 x 25
XL : 60 x 75 x 52 x 26
XXL : 62 x 77 x 53 x 27',	'product_pics/default_image.jpeg',	'product_pics/default_image.jpeg',	'S,M,L'),
(4,	'kemeja pria lengan Pendek Hijau Mint slim fit Bahan Premium',	12,	10,	'new-hijau',	'Kemeja Original Cloud Think
Bahan: Cotton Chigaret premium
Ukuran: M L XL',	'product_pics/72225-lexios-kemeja-motif-pria-pj-012-lengan-panjang-atasan-pria-motif-pria_OKkIeGJ.jpg',	'NEW',	'AT',	'chlotes.id',	1,	'Selama varian masih bisa di klik, brarti stok masih ready.
Jika terjadi kekosongan produk setelah order, pasti kami akan konfirmasi melalui chat.',	'product_pics/default_image.jpeg',	'product_pics/3083242_9000a035-d296-432a-8403-32a75e331f34_720_720.jpg',	'S,M,L'),
(5,	'Platini Kemeja Pria Polos Lengan Pendek Katun Oxford Coklat Tua 1069',	15,	13,	'new-oxford',	'Slimfit
Material: Katun Oxford
Size pada Model:
Pria: Tinggi 183cm, Berat 75 kg, Menggunakan Ukuran L',	'product_pics/fb657adf-082d-40e3-b3a6-14f6de41b486.jpg',	'SALE',	'AT',	'Oxford',	1,	'Garment care:
1. Cuci dengan air suhu dibawah 40 derajat celcius
2. Cuci dengan warna yang senada
3. Jangan menggunakan pemutih
4. Setrika dengan suhu sedang',	'product_pics/default_image.jpeg',	'product_pics/3083242_9000a035-d296-432a-8403-32a75e331f34_720_720_UVJmYK0.jpg',	'S,M,L'),
(6,	'Sepatu Olahraga Casual',	14,	NULL,	'new-sepatu',	'Bagian atas yang menggunakan engineer mesh with super breathability air flow. Kenyamanan dan keringanan yang ditawarkan dari phylon sole.',	'product_pics/958fecd5-66da-44e6-9e3c-21a8d2bcd16f.jpg',	'SALE',	'SE',	'Brodo',	1,	'Lightest & coolest Brodo jogging shoes, for daily versatile use, weekend running, recreational runner, for beginner runner, untuk kalian yang ingin kembali bergerak aktif.',	'product_pics/default_image.jpeg',	'product_pics/485e8474-a8d1-4d03-895f-9ef89c1635aa.jpg',	'38,39,40'),
(7,	'Sepatu Sneakers Running Pria Dane and Dine S0601',	13,	10,	'new-sneakers',	'Sepatu Running Dane and Dine terbaru
Sepatu ini termasuk desain sepatu bergaya dinamis dan aktif, bisa digunakan untuk aktifitas sehari - hari.',	'product_pics/dane_and_dine_sepatu_sneakers_running_wanita_dane_and_dine_q1615_full02_fi0re9nx.jpg',	'BEST',	'SE',	'Dane',	1,	'Kualitas premium ya guys, Sol nya Kuat dan ringan.
Upper nya dari bahan Sintetis Leather yang berkualitas pastinya',	'product_pics/958fecd5-66da-44e6-9e3c-21a8d2bcd16f_ujzPBKc.jpg',	'product_pics/dane_and_dine_sepatu_sneakers_putih_wanita_dane_and_dine_q1609_full03_uzqtbo0o.jpg',	'38,39,40'),
(8,	'Kanky Hiro Nobunaga - Sepatu Sneakers Casual Sport',	12,	NULL,	'new-sekolah',	'Pernahkah kamu membayangkan sepatu dengan kualitas terbaik, kegunaan yang multifungsi, dan dikemas dengan harga yang sangat bersahabat? Sepatu Kanky jawabannya!',	'product_pics/485e8474-a8d1-4d03-895f-9ef89c1635aa_Qtbtp4e.jpg',	'SALE',	'SE',	'Nike',	1,	'Pernahkah kamu membayangkan sepatu dengan kualitas terbaik, kegunaan yang multifungsi, dan dikemas dengan harga yang sangat bersahabat? Sepatu Kanky jawabannya!',	'product_pics/default_image.jpeg',	'product_pics/dane_and_dine_sepatu_sneakers_putih_wanita_dane_and_dine_q1609_full03_uzqtb_489KIbn.jpg',	'38,39,40'),
(9,	'Kaos Hitam Premium',	8,	NULL,	'new-kaos',	'Keterangan bahan produk :
• Regular Fit.
• Sablon plastisol
• Cotton Combed 24s.( kain lebih tebal di bandingkan 30s)',	'product_pics/t-shirt_I3BoOLR_ic97IKk.jpg',	'SALE',	'AT',	'Fanboy',	1,	'Keterangan bahan produk :
• Regular Fit.
• Sablon plastisol
• Cotton Combed 24s.( kain lebih tebal di bandingkan 30s)',	'product_pics/default_image.jpeg',	'product_pics/kaos-putih_zk6SYbP_5YWILJw.png',	'S,M,L');

ALTER TABLE ONLY "public"."account_emailaddress" ADD CONSTRAINT "account_emailaddress_user_id_2c513194_fk_auth_user_id" FOREIGN KEY (user_id) REFERENCES auth_user(id) DEFERRABLE INITIALLY DEFERRED DEFERRABLE;

ALTER TABLE ONLY "public"."account_emailconfirmation" ADD CONSTRAINT "account_emailconfirm_email_address_id_5b7f8c58_fk_account_e" FOREIGN KEY (email_address_id) REFERENCES account_emailaddress(id) DEFERRABLE INITIALLY DEFERRED DEFERRABLE;

ALTER TABLE ONLY "public"."auth_group_permissions" ADD CONSTRAINT "auth_group_permissio_permission_id_84c5c92e_fk_auth_perm" FOREIGN KEY (permission_id) REFERENCES auth_permission(id) DEFERRABLE INITIALLY DEFERRED DEFERRABLE;
ALTER TABLE ONLY "public"."auth_group_permissions" ADD CONSTRAINT "auth_group_permissions_group_id_b120cbf9_fk_auth_group_id" FOREIGN KEY (group_id) REFERENCES auth_group(id) DEFERRABLE INITIALLY DEFERRED DEFERRABLE;

ALTER TABLE ONLY "public"."auth_permission" ADD CONSTRAINT "auth_permission_content_type_id_2f476e4b_fk_django_co" FOREIGN KEY (content_type_id) REFERENCES django_content_type(id) DEFERRABLE INITIALLY DEFERRED DEFERRABLE;

ALTER TABLE ONLY "public"."auth_user_groups" ADD CONSTRAINT "auth_user_groups_group_id_97559544_fk_auth_group_id" FOREIGN KEY (group_id) REFERENCES auth_group(id) DEFERRABLE INITIALLY DEFERRED DEFERRABLE;
ALTER TABLE ONLY "public"."auth_user_groups" ADD CONSTRAINT "auth_user_groups_user_id_6a12ed8b_fk_auth_user_id" FOREIGN KEY (user_id) REFERENCES auth_user(id) DEFERRABLE INITIALLY DEFERRED DEFERRABLE;

ALTER TABLE ONLY "public"."auth_user_user_permissions" ADD CONSTRAINT "auth_user_user_permi_permission_id_1fbb5f2c_fk_auth_perm" FOREIGN KEY (permission_id) REFERENCES auth_permission(id) DEFERRABLE INITIALLY DEFERRED DEFERRABLE;
ALTER TABLE ONLY "public"."auth_user_user_permissions" ADD CONSTRAINT "auth_user_user_permissions_user_id_a95ead1b_fk_auth_user_id" FOREIGN KEY (user_id) REFERENCES auth_user(id) DEFERRABLE INITIALLY DEFERRED DEFERRABLE;

ALTER TABLE ONLY "public"."django_admin_log" ADD CONSTRAINT "django_admin_log_content_type_id_c4bce8eb_fk_django_co" FOREIGN KEY (content_type_id) REFERENCES django_content_type(id) DEFERRABLE INITIALLY DEFERRED DEFERRABLE;
ALTER TABLE ONLY "public"."django_admin_log" ADD CONSTRAINT "django_admin_log_user_id_c564eba6_fk_auth_user_id" FOREIGN KEY (user_id) REFERENCES auth_user(id) DEFERRABLE INITIALLY DEFERRED DEFERRABLE;

ALTER TABLE ONLY "public"."socialaccount_socialaccount" ADD CONSTRAINT "socialaccount_socialaccount_user_id_8146e70c_fk_auth_user_id" FOREIGN KEY (user_id) REFERENCES auth_user(id) DEFERRABLE INITIALLY DEFERRED DEFERRABLE;

ALTER TABLE ONLY "public"."socialaccount_socialapp_sites" ADD CONSTRAINT "socialaccount_social_site_id_2579dee5_fk_django_si" FOREIGN KEY (site_id) REFERENCES django_site(id) DEFERRABLE INITIALLY DEFERRED DEFERRABLE;
ALTER TABLE ONLY "public"."socialaccount_socialapp_sites" ADD CONSTRAINT "socialaccount_social_socialapp_id_97fb6e7d_fk_socialacc" FOREIGN KEY (socialapp_id) REFERENCES socialaccount_socialapp(id) DEFERRABLE INITIALLY DEFERRED DEFERRABLE;

ALTER TABLE ONLY "public"."socialaccount_socialtoken" ADD CONSTRAINT "socialaccount_social_account_id_951f210e_fk_socialacc" FOREIGN KEY (account_id) REFERENCES socialaccount_socialaccount(id) DEFERRABLE INITIALLY DEFERRED DEFERRABLE;
ALTER TABLE ONLY "public"."socialaccount_socialtoken" ADD CONSTRAINT "socialaccount_social_app_id_636a42d7_fk_socialacc" FOREIGN KEY (app_id) REFERENCES socialaccount_socialapp(id) DEFERRABLE INITIALLY DEFERRED DEFERRABLE;

ALTER TABLE ONLY "public"."toko_alamatpengiriman" ADD CONSTRAINT "toko_alamatpengiriman_user_id_0fa64d3c_fk_auth_user_id" FOREIGN KEY (user_id) REFERENCES auth_user(id) DEFERRABLE INITIALLY DEFERRED DEFERRABLE;

ALTER TABLE ONLY "public"."toko_order" ADD CONSTRAINT "toko_order_alamat_pengiriman_id_e1d86a9d_fk_toko_alam" FOREIGN KEY (alamat_pengiriman_id) REFERENCES toko_alamatpengiriman(id) DEFERRABLE INITIALLY DEFERRED DEFERRABLE;
ALTER TABLE ONLY "public"."toko_order" ADD CONSTRAINT "toko_order_payment_id_eacf097a_fk_toko_payment_id" FOREIGN KEY (payment_id) REFERENCES toko_payment(id) DEFERRABLE INITIALLY DEFERRED DEFERRABLE;
ALTER TABLE ONLY "public"."toko_order" ADD CONSTRAINT "toko_order_user_id_db16d267_fk_auth_user_id" FOREIGN KEY (user_id) REFERENCES auth_user(id) DEFERRABLE INITIALLY DEFERRED DEFERRABLE;

ALTER TABLE ONLY "public"."toko_order_produk_items" ADD CONSTRAINT "toko_order_produkIte_orderprodukitem_id_5a80ee48_fk_toko_orde" FOREIGN KEY (orderprodukitem_id) REFERENCES toko_orderprodukitem(id) DEFERRABLE INITIALLY DEFERRED DEFERRABLE;
ALTER TABLE ONLY "public"."toko_order_produk_items" ADD CONSTRAINT "toko_order_produkItem_order_id_d1be9943_fk_toko_order_id" FOREIGN KEY (order_id) REFERENCES toko_order(id) DEFERRABLE INITIALLY DEFERRED DEFERRABLE;

ALTER TABLE ONLY "public"."toko_orderprodukitem" ADD CONSTRAINT "toko_orderprodukitem_produk_item_id_6ced4c1c_fk_toko_prod" FOREIGN KEY (produk_item_id) REFERENCES toko_produkitem(id) DEFERRABLE INITIALLY DEFERRED DEFERRABLE;
ALTER TABLE ONLY "public"."toko_orderprodukitem" ADD CONSTRAINT "toko_orderprodukitem_user_id_0be4cb4f_fk_auth_user_id" FOREIGN KEY (user_id) REFERENCES auth_user(id) DEFERRABLE INITIALLY DEFERRED DEFERRABLE;

ALTER TABLE ONLY "public"."toko_payment" ADD CONSTRAINT "toko_payment_user_id_df0a8a52_fk_auth_user_id" FOREIGN KEY (user_id) REFERENCES auth_user(id) DEFERRABLE INITIALLY DEFERRED DEFERRABLE;

-- 2023-06-07 07:22:28.263087+00
